date,CN_Growth_Level,CN_Growth_Change,CN_Inflation_Level,CN_Inflation_Change,US_Inflation_Level,US_Inflation_Change,US_Growth_Level,US_Growth_Change,CN_RiskAppetite_Level,CN_RiskAppetite_Change,CN_Monetary_Level,CN_Monetary_Change
2005-01-31,0.0,0.0,0.0,0.0,-0.4365704141444023,0.0,0.44951720353233726,0.0,,,0.15238467028200023,-0.0
2005-02-28,0.0,0.0,0.0,0.0,1.1294544775212085,1.3448934290804586,0.4362248467696366,-0.2932748495677529,,,-0.135952703948605,-0.17708091713853946
2005-03-31,0.0,0.0,0.0,0.0,0.6722487851516512,0.5420149227932082,0.3598917057448632,-0.6640982020960274,,,0.48286784361449353,0.38740544281601136
2005-04-30,0.0,0.0,0.0,0.0,0.21232295494040168,-0.6296600008368577,0.3251766376090759,-0.5001048766005486,,,0.4208048948843699,0.2791800953851788
2005-05-31,0.0,0.0,0.0,0.0,-0.9920601504525357,-1.2293780094162203,0.8124101420254459,0.4776203489313536,,,0.3450798762185555,0.1012615330494374
2005-06-30,0.0,0.0,0.0,0.0,-0.8605165690037863,-0.541358476393137,0.45788979733970797,0.4932903892228586,,,0.27587974464105525,-0.04128183664794002
2005-07-31,0.0,0.0,0.0,0.0,-0.4022367564274189,-0.3463695139297315,0.9336604149739502,0.23165119640684972,,,0.17749858944776514,-0.18916714222546557
2005-08-31,0.0,0.0,0.0,0.0,-0.4633397120698361,0.5706630786354581,0.6788058549566643,-0.23444653154194756,,,0.14508492865628675,-0.16760059749939182
2005-09-30,0.0,0.0,0.0,0.0,0.14514196854947806,0.45680070467922934,0.309129596689076,-0.9224243186612053,,,0.15818048971490475,-0.07430633117439761
2005-10-31,0.0,0.0,0.0,0.0,0.014176208708698634,-0.03393590334909412,0.6213311719498801,-0.002448139555728368,,,0.17680356864162147,-0.016021989703599544
2005-11-30,0.0,0.0,0.0,0.0,-0.5365453822008127,-0.588240612391201,0.4601653515543528,-0.008837987441827233,,,0.09688794430378941,-0.11459919612545127
2005-12-31,-0.06638765482155709,0.0,-0.3352270207272549,0.0,-0.27376295683710306,-0.13610871589320356,0.8932494203548929,-0.30541075380130495,,,-0.07569192599366406,-0.3949940396776353
2006-01-31,-0.32655755598414515,-0.3789919391404047,-0.2264200925766681,0.31924266188721023,0.2752482547882658,0.6539119178184074,0.2595367685398581,-1.3703796593801068,,,-0.24828518018307083,-0.17874600956419345
2006-02-28,-0.4126781417927605,-0.021077562927750128,-0.6122546016665522,0.26148850807438895,0.3797515611551671,0.212472221141516,0.31926524214198826,-0.02685468926316345,,,-0.01212001777155053,-0.05720563819441663
2006-03-31,-0.15822467973793877,0.8811634857573067,-0.5651497251066883,0.11166816719424728,0.48360709066061625,0.11302757830351068,0.49235709430748875,-0.5730132984861367,0.34980376242853145,0.0,-0.07793885228478846,0.008102590906896478
2006-04-30,0.6470521009457598,1.0560562278201364,-0.38090077194401695,0.31218505938521346,1.0481293724404273,0.7588083833354566,0.9831355392317257,-0.32321741351840005,0.85800319103236,-0.3026232036724708,-0.22805911210198004,-0.21001421673215065
2006-05-31,0.23544896730376236,-0.061141259060359124,-0.25968033225916476,0.1857620336052584,1.1969982737681333,0.45733891803616505,0.8488996508354675,-0.23120206470813365,1.3266689232321278,1.079510948353442,-0.16481812654993797,-0.148136135303963
2006-06-30,0.11478261219617013,-0.28437653989486,-0.0891850657961572,0.5742104674114692,0.8907907605344764,-0.10283187831716531,0.48892002605211377,-0.3963481756120925,1.0808507817505109,0.6053737917860569,-0.3711113590511641,-0.2571153517160647
2006-07-31,-0.11351268956916075,-0.33164226522222523,-0.021334801797300518,0.5459171686202391,0.7591191613490453,0.08634718044728398,0.19850336083728645,-0.215893717967559,0.8838796406588402,0.18996396761589932,-0.5682705723856687,-0.34096275205077536
2006-08-31,0.17757514407785913,0.4343670187756706,0.012920913856516697,0.513265913457508,0.511913062966973,-0.1530471154758116,-0.029634054770350228,-0.4934474257120156,0.8116991302986771,0.11300920792281066,-0.4209107717850278,-0.18811502472359637
2006-09-30,0.6707384869273025,0.977082354033907,-0.08399508677977292,0.1954223457608001,-0.7976836828267206,-1.513581600254732,-0.11227914685904591,-0.18078258925668317,0.5293583741062897,-0.8191973411998968,-0.3234230127950915,0.26339771319910554
2006-10-31,0.7273541305158615,0.26469695123918424,-0.26599018551320347,-0.10370400963215214,-1.5703246685235939,-1.06035628217842,-0.5499185129196394,-0.543357422234913,0.7736087907938471,-0.12168099472611618,-0.643249845390615,-0.031738189732452626
2006-11-30,0.5663532652349262,-0.05626901416192169,-0.326282472734711,0.0037356940538401523,-1.1574628520264925,-0.17953434669612528,-1.0838290888065647,-1.502708344431257,0.805773414001501,0.25071137140593575,-1.214173464378206,-1.1498827679873749
2006-12-31,0.4004553879324827,-0.2588944793518503,-0.2980444131002582,0.15274666921960173,-1.0357120818299144,-0.008839274657291885,-1.2655283035259584,-0.6770894186550732,0.8044057468198662,-0.010584768182677073,-0.5527093337065409,0.74029032744401
2007-01-31,0.963963744202241,0.7773643232321138,-0.28945017143589324,0.04900557848948095,-0.8650469452109188,-0.42986986018573325,-1.1526474791703256,-0.680039269569376,0.7227430636175393,-0.2873237387336317,-0.3526236150986447,0.9610706699180269
2007-02-28,0.42989329251718045,-0.3641743961302147,-0.2986768622310565,0.09605045254198985,-0.5346102317841439,0.8020612788022449,-0.7085247560787737,0.32262857881442086,0.6454952455429773,-0.5574126779430911,-0.6939192406707337,-0.0935347968771078
2007-03-31,0.5590978222688536,0.15065635468435906,-0.2552360985461594,0.21306457863939474,0.02298728511972041,0.7101317194998991,-0.5682717413184526,-0.6689614664391579,0.4353944162617876,-1.1181531568457537,-0.3520489319708459,0.7322989264562001
2007-04-30,0.39355249430060474,-0.28606073595000847,-0.05287494003848947,0.5260471469314616,0.1419720822794423,0.705372827781672,0.14735644863872588,0.9442108828320759,0.09055823359965845,-1.3371679311676987,-1.000413497541646,-0.6316266561392132
2007-05-31,0.46218152939227863,-0.42893912240151333,0.1051076260469245,0.36090976130038643,-0.2312808058257922,-0.10231629833704277,0.3723359221327964,0.46388507650508887,-0.32457243057704216,-1.4641004507503694,-0.8976110046759382,-0.28663475794915977
2007-06-30,0.42933530039982065,-0.19410811996749897,0.063361693786879,-0.1385617863313542,0.07669268446497822,0.12079089745985597,0.46221985528504805,-0.2017979040569451,-1.1216434913904452,-1.2535122806784957,-0.8700751470084286,-0.2267364768522466
2007-07-31,0.1667286240568954,-0.2533385356448092,-0.10150661044689813,-0.495183867342962,0.014735427030410031,0.18416202318368374,0.575086273457537,-0.22369644762377705,0.9299695220355607,0.7792491225724717,-0.8520744201691188,-0.18378269243777023
2007-08-31,-0.04318575362019998,-0.21086665473346344,-0.05513798921833696,-0.0014005892682455306,-0.809324367659799,-1.2810317763230334,-0.060110260734309126,-1.5064903596858579,1.5178706506853359,2.0734454629727352,-0.7722919385670144,0.05584265538243205
2007-09-30,0.08815118401972571,0.10007390558478071,0.06866923780199291,0.22882356009685753,-0.5094863741168218,0.5103176065002886,-0.6262380623669759,-1.072602387014144,1.6866640855369848,1.14502763087001,-1.5,-1.5
2007-10-31,-0.32468293372853907,-0.5744656474020344,0.1966802968640051,0.40819787952838404,-0.1047048782216006,1.064254620154293,-0.7838660470537737,-0.5453430264466239,1.56450939189952,0.19187891501353113,-1.5,-0.8789849585528978
2007-11-30,-0.26040070998555853,-0.06374039057026104,0.4930580195419747,1.0420471320719722,0.06534824507384926,1.0950038039885122,-1.223537231878377,-1.6257818527983163,1.3092076560832544,-0.7555256889999235,-1.1305078794416024,-0.3621251695217619
2007-12-31,-0.32938446160997836,-0.18261712093068666,0.7450018911625005,0.8788134997366175,-0.04937428437129422,-0.15212000663384445,-2.244478173355425,-1.6619456182187442,1.308643188177199,-0.32464536892480184,-0.9194649649507793,-0.08883540498461096
2008-01-31,-0.9064042978966597,-0.9373461028974097,0.9479287067130466,0.6659559429632322,-0.17826001228961136,0.07062912700737994,-2.2909952687648474,-0.8945816823614069,1.5876527628009591,0.15568069149193797,-0.9154164151054305,0.0637350751594664
2008-02-29,-1.0107865627051453,-0.30417426026277616,1.11872471143324,0.7117281340023545,0.5186656111651634,0.80328798419362,-2.055649588897608,-0.7806716896240463,1.612333172549717,0.21062186744596273,-0.8297152579950524,0.10257361596209646
2008-03-31,0.033282471165025695,1.1535371689969927,1.3958632352600873,0.9190068601878167,0.29666722947456275,0.6453090700932103,-1.9365817672717396,-0.6385667675748923,1.5842600899021124,-0.2005188874658868,-0.6121283069667469,0.4391679507541286
2008-04-30,0.6331712918627126,0.8028321520315662,1.499434412740671,0.5725713114213892,0.11774169906528219,-0.20582379860230543,-1.5595308277366067,0.43948863004126393,1.6550591650526987,-0.02614449373005806,-0.637857275195979,0.224368389753327
2008-05-31,0.0485018381686521,-0.44863584525821426,1.4623841736351002,0.15094361225398042,0.47974862663798507,0.3728924403777633,-1.438696050409588,0.7283220407687228,1.5980168777341337,-0.1517135766017509,-0.6969363699279336,0.14527249516626228
2008-06-30,-1.1499196479422227,-0.9970324693512438,1.4101084409944433,0.15896975575686131,0.8902416626935826,0.8631472999133648,-1.1681864736882828,0.8820457488673663,1.40877661469704,-0.5271353321655946,-0.6423975933852438,0.24986492436217733
2008-07-31,-1.9041151602450341,-1.0849031205067148,1.306235868184419,-0.3175951116839696,0.26770724307620086,-0.5708261663250864,-1.2515881307003542,-0.015111196064478721,1.0971881310650373,-1.233490098633664,-0.5454545909198758,0.4908563980155814
2008-08-31,-2.1620665876657785,-0.7668372065579918,0.9643553356127686,-0.6964681504301902,-1.1822426607809107,-1.8886958244796133,-1.1285410581441295,0.2957131757811764,1.2659006446429164,-0.1429916351331236,-0.47907339623347855,0.41970435431194747
2008-09-30,-2.039770721447912,-0.05814255695797385,0.44798548557380113,-0.8727467029986172,-1.8545927278343446,-1.8575013087797019,-1.7671772852047243,-0.9106256676436053,1.4355847486282198,0.4337474695912803,-0.478727989747216,0.34301298237684985
2008-10-31,-2.3156188555754547,-1.3348337263222225,-0.17599881920614757,-1.3158861566391264,-2.1495710745503076,-2.7595088684619666,-2.5031692735814146,-2.207245520614326,1.1578822298219618,-0.6900188842674155,-0.3572042857362212,0.35387141620208457
2008-11-30,-2.511988951774136,-1.9872161280260865,-0.7177168167244151,-1.3569455116250253,-2.4340118311075454,-2.208927749037294,-2.7644166052999894,-1.6510903043559928,1.0596755223328995,-0.8289058039376551,0.030965412785785684,1.032456417955486
2008-12-31,-2.55,-0.9787498725391451,-1.085530664425724,-0.8734265186504858,-2.5961743524756016,-0.7017006616923966,-2.530080823422605,-0.4484372575586461,1.349146709185848,0.03248444374147774,0.9250984819139092,1.3287147989972972
2009-01-31,-2.3495973293333057,-0.2576652251988404,-1.2678944034135886,-0.4426609291699857,-2.3930953087695497,-0.041104853970128266,-2.2152940984578544,1.3130595666073064,1.308733947215028,0.3991212416735997,1.236987247109818,1.1503725266555849
2009-02-28,-1.7592599073365935,0.9042893908342886,-1.2606402541270116,-0.2204075564752162,-1.8899410112087134,0.4790983933137045,-1.8505167093329014,0.7013886506747032,0.8169088202342449,-2.0663068387422,1.2293671586191968,0.3877673481876425
2009-03-31,-1.3208847880734735,0.9699093878525781,-1.2052490363585289,-0.14901351947688857,-1.412856000709069,0.54418079846265,-1.0540031472508327,1.330407930613251,0.23605980472702517,-2.835200984185998,1.1391993473806632,-0.04588707828748381
2009-04-30,-0.9628956599200544,0.887130638925558,-1.0936441611650176,-0.024396305683917485,-0.8743444424655744,0.49511955260020746,-0.5417459425541002,1.3155430471297493,0.3372912013382517,-0.6686040404852639,1.0578999464905294,-0.16967169180931918
2009-05-31,-0.8868209475240749,0.33357739471647485,-0.9889161007238778,0.03186963702391635,-0.24600329834050116,0.8084213133047283,-0.3213055337169307,0.463827566061876,0.42781067499339076,0.49335840085073956,0.9844870630183669,-0.22474321998705277
2009-06-30,-0.7005403020745545,0.43087587691307044,-0.8396187033028174,0.17344378643009872,-0.2410710684461807,0.5032104292672804,-0.15867351523241902,0.34433418778076125,0.48396159683823226,0.10742591848395974,0.8735715101646087,-0.2881376275663593
2009-07-31,-0.5206828394652261,0.5176537436080553,-0.7167343700667022,0.17928648427772556,-0.18428357006559348,0.09980092701155643,0.1514131906513495,0.657419226647566,0.4141438971575441,0.08130765745618362,0.6354654450647764,-0.6287345132600966
2009-08-31,-0.2964864614260282,0.6413549259724318,-0.5890955945582443,0.24426207024049573,-0.17899976100059828,0.2980056286096948,0.570361680517197,1.04451071590793,0.5374590604228913,0.3386940102720619,0.5986059058191822,-0.4685191134322961
2009-09-30,-0.15870802848836557,0.5781049851706062,-0.55546429596856,0.1374359910611737,-0.2156971809929829,0.1846511901479242,0.44984511189272985,0.17059143385043155,1.029473747821041,1.6788820166723593,0.5236137959871109,-0.30002440316110207
2009-10-31,0.10951365948832606,0.7600186489629285,-0.5016408464261082,0.2828624767239031,-0.10990369192716327,0.7590492779576159,0.34980789029577575,0.07375851280662096,1.363405522376106,2.0397191411844338,0.5215392275109025,-0.24377680990681433
2009-11-30,0.40919435407886523,0.810099705050623,-0.30346790848525074,0.6652625952059709,0.0882348829770817,0.9171233028681806,0.20684898956641684,-0.11720263163126482,1.4604142358333578,0.8534548412391908,0.5087271130197473,-0.17056885127373445
2009-12-31,0.724141725604018,0.8747519545190934,-0.06212063150180497,0.7988476153429442,0.30110474426183975,0.5850156411735661,0.3855329012107765,0.2211237740518865,1.5951213126435948,0.7566231238026959,0.47567866217689725,-0.2236898632950291
2010-01-31,0.9882066251736034,0.7337629920240678,0.1781470273205897,0.7849270522697861,0.22684650687297053,0.5334612129712224,0.17939284754709045,0.03314486209496312,1.330691223922622,-0.4540269368079589,0.43983045699408263,-0.2200281095595746
2010-02-28,0.684579724602671,-0.032127677496174595,0.23484645790661016,0.38978228208967103,0.22232757499540262,0.18633237345871104,0.11470342807511862,-0.3740147130263968,1.104038223351515,-1.1529993412151205,0.3670571142073936,-0.4203491531239508
2010-03-31,0.6637003066502312,0.08022316960796089,0.3196899447437017,0.40817023305878686,0.24191603354457764,0.023821953567522973,0.21727904881922977,0.3172179862233491,0.8738149283158745,-0.843150415884434,0.37351475637393927,-0.1771423045978617
2010-04-30,0.5857942475851945,-0.4720926688680101,0.4616899271386533,0.5262885973834395,0.2869041354552059,0.08174678962756708,0.18481231064002573,-0.0316054594908092,0.6710109652205594,-1.0690179733604437,0.35531194286893325,-0.15688224633077225
2010-05-31,0.6240766891975968,-0.5380225005670988,0.35449220696628975,-0.5553461694435992,-0.06774519090342244,-1.316624566762373,0.10327333862839763,-0.4058870520989188,0.697055759978549,-0.32711984328410465,0.25847147411285887,-0.22175818432636005
2010-06-30,0.46665213538883865,-0.788598833668869,0.19162280965086945,-0.6312767131575797,-0.20191925221823778,-0.7748457198274125,-0.05317522016525708,-0.2976855002115306,0.3260411446343927,-0.6194779995904809,0.0019438532050392032,-0.9276923658171813
2010-07-31,0.2781380684262788,-0.7725662052780766,0.06125184461636163,-0.459796237555771,-0.022906670957663952,-0.49956934575441625,0.22116475557166854,0.1986762814913,-0.2570134930064625,-1.0264895849277869,0.1284424029813372,-0.05023475576468389
2010-08-31,0.20528342298250313,-0.469255981674733,0.10108101251415857,0.055222702565996595,-0.1912309658981966,-0.698014700088312,0.2631528876644379,0.13200345186597034,-0.8843542554163009,-1.435160433311938,0.10825962193027326,0.5739170900783576
2010-09-30,0.23829194685538485,0.20350662976665457,0.17391243338381915,0.06133978487853367,0.013165430827272936,0.06652658765434001,0.1807886590414168,-0.0517222224031686,-1.032571711988121,-0.8741867865133078,-0.03430129676195941,-0.1783644894410377
2010-10-31,0.6663932376555369,-0.11324144404257966,0.29075408003357284,0.1211598112776529,0.258515344014852,0.5790108227678389,0.2833781663272895,0.44784535441791046,-0.8668877682723272,0.11501842296349735,0.003236699127059994,-0.028972338791038874
2010-11-30,0.5390797680457263,-0.19454052057647261,0.4215674778474146,0.15267831003659332,0.2948195961876954,0.08932198320339241,0.3257880380166991,-0.24441640480850368,-0.8231579665810697,0.12266984331801487,-0.13046553196560096,-0.18290090706737994
2010-12-31,0.43858933129256183,-0.2531674264111273,0.40814805607587396,-0.2767906018940973,0.45486575682437225,0.6909192632357921,0.30980279792098275,-0.20926948386956717,-0.22013301455793238,1.2292891465127838,-0.9521923868849802,-1.5
2011-01-31,0.39610743493766204,-0.5202975851985968,0.44759780720427456,-0.0835326348992093,0.5542734413282855,0.6363444225263264,0.2725753739771568,-0.012635351173485465,0.031683646754468234,0.7398603908044674,-1.1829286236407954,-1.3844474994563245
2011-02-28,0.18801614222005275,-0.1419160682282884,0.48420948181647583,-0.08720254086917235,0.6794801891462093,0.2556923237273102,0.18190058666703704,-0.17484777162758203,0.5721449019927505,0.9831108225415119,-1.0280811053814225,-0.9700074438687596
2011-03-31,0.14505905934401903,0.36785027090214106,0.4962451208383433,-0.20883416690584178,0.7510884928783051,0.5996430935456848,0.09749749954944995,-0.2442543571502676,1.273319175735121,1.6052755080182037,-0.5139225022245986,1.2582146876520186
2011-04-30,0.1606507600433504,0.04707444237217155,0.47324887117356185,-0.32969149772385187,0.9360034481930478,0.521565171113498,-0.09336567949623491,-0.4634262179560352,1.5954854471173605,1.1380604402632206,-0.6349627698541479,0.4335893106977117
2011-05-31,0.17719144644543483,-0.1469115521230386,0.380155624272974,-0.5378132394106464,0.7446158408283645,-0.6954399952366286,-0.16712065574289717,-1.1311225055373235,1.6952117365165977,0.5707868233257325,-0.854348172375403,-0.19694658043163366
2011-06-30,0.12738898326242928,-0.17579504633259777,0.2921893533574222,-0.49298799033477536,0.6057717079957192,-0.8673640738608626,-0.11932686186520117,0.12494126384956505,1.696337158689217,0.27719501811134295,-1.3491144617852036,-0.9800715570211158
2011-07-31,0.08737583549980242,0.11615385167299933,0.2631780860180425,-0.26817843816676024,0.6251293264777908,0.17752165269185327,-0.16988377330941745,0.08200708273144218,1.8616193372006653,0.5208663142561455,-1.259719803798474,-0.4835922411199448
2011-08-31,0.033197408598740555,-0.03756510147914316,0.2674365328153653,-0.11337341229630447,0.35719806513880026,-0.8377396369585626,-0.05265634855591386,-0.3762389419730235,2.056654501034415,0.6373504951644194,-0.9301255083542961,0.7338528740719119
2011-09-30,-0.009558240513882307,0.2929215130434957,0.2453961116228549,-0.1725309540946153,-0.084593275034071,-1.2348362341203807,-0.06721150777852325,0.20269810483971074,2.791719692440191,1.7402937019514986,-0.8848503006585059,0.33338809553306786
2011-10-31,-0.1334987700340057,-0.23796454888572097,0.029174249385881812,-0.828737006738521,0.19665316106529496,0.07539405899490244,0.18193287388440016,0.4122733162235491,2.80346811357453,2.029530918836114,-0.8167876140721831,0.23108604055012022
2011-11-30,-0.40596041506764324,-0.6513221170220695,-0.1962302184628045,-0.9659501120392628,0.035902664924178485,0.00543498369367551,0.3226496878009485,0.5197332122456131,2.4260371433980112,-0.34300830260754933,-0.7325397956998448,0.2192199010702602
2011-12-31,-0.518445740828688,0.29959967647074603,-0.34784237165204274,-0.7224019570351145,-0.07836543063527916,-0.4969476637984187,0.5159711199130169,0.6467283393554881,2.4160947355780316,0.28826807125018816,-0.7148971628462188,0.29409550279005825
2012-01-31,-0.9956734269181489,-0.5275495762876117,-0.42535021468852136,-0.4649086859119994,-0.00924857269829786,-0.05819487381029839,0.5676589486196219,0.4387628412725584,2.008308859120478,-0.43876715855163917,-0.7534116484836071,-0.03161759614349138
2012-02-29,-0.8620812939661106,0.9401876836075026,-0.4064224357166324,-0.14048007867078405,0.19712906161178026,0.28523660450937605,0.6426508904100501,0.12764489819998287,1.3945538825666426,-2.3011035368225894,-0.6112544476896764,0.30554759941865794
2012-03-31,-0.43221327592768205,1.0715736689307178,-0.3798582058492522,-0.024712972771804953,0.4178991744426116,-0.02580147394141856,0.5846479012215613,0.1265588400335207,1.108657944413868,-1.9110273581611663,-0.3793579445690273,0.5520767252755499
2012-04-30,-0.15996785786636597,0.8273785692595028,-0.4085702294196014,-0.058721309896801716,0.2733011035717759,-0.5109103097800914,0.5123982663556859,0.007647196861051907,0.9704792771951481,-1.1339830784287221,-0.3812305553973402,0.2775510342999496
2012-05-31,-0.6532360009346051,-0.8853910911550908,-0.6626672484151362,-0.6008198797771673,-0.3770940940478614,-1.3219981236148826,0.4680641766058484,0.3863035251029817,0.8521833481026173,-0.8321634642013467,-0.13279348700475715,0.4315792670329684
2012-06-30,-0.8723083960572819,-0.47578588796938265,-0.8626444228828367,-0.4733925528403198,-0.41930532213758465,-0.6894330472622405,0.11793148606251712,-0.3983852004399876,0.046266603549117144,-2.174169237509388,-0.15882313444870183,0.37565349628822886
2012-07-31,-0.9353615165617213,-0.3283492008321684,-0.9665709253449776,-0.22342952116521622,-0.45825179795928794,-0.1395352377489722,-0.15588149555180153,-0.027810000321007777,-0.2195422078974965,-1.2880821079058045,-0.07946145121099264,0.10267503993262626
2012-08-31,-1.02959525742106,-0.16975909686816054,-0.9439420532795237,0.23220129128796685,-0.004729571186710781,0.7585853277064049,-0.32255583090428286,-0.38375289861759804,-0.12105377441154488,-0.10856264605646165,-0.03895527548499168,0.13412934354057576
2012-09-30,-0.9513147639858658,0.6499224868050091,-0.8723409662975234,0.4501543764724308,0.39056500515880344,1.013510808432959,-0.07904643499178518,0.3420301955514549,0.1268336778601379,0.5765314348436162,-0.03635632770838071,0.00384891837966787
2012-10-31,-0.7603872194810357,1.0937305931579349,-0.7745175187185704,0.6085020360542213,0.3613691789634909,0.27008361254661084,-0.2179002763566893,-0.24294086823369654,0.17540029901926799,0.456668594146712,0.021313716992521194,-0.005610828541413301
2012-11-30,-0.47341552612662846,0.9923315444925003,-0.7657883412026989,0.4209871690382492,0.31447225459444017,0.0835843964209593,-0.015685771655692016,-0.2516762853759331,0.4298286521128843,0.5528799608720474,0.05096063817090657,-0.07625633282127948
2012-12-31,-0.27640798326758925,0.9500886478535604,-0.6594721239623118,0.6999868256271711,0.4385151125895152,0.25881391791843045,-0.12274599742634167,-0.1013051653907881,0.4817390700199337,0.23731900459029745,-0.0041971428884719775,-0.3329112688188559
2013-01-31,0.004002167493519809,1.0191949330678636,-0.5062347695482394,0.7975335097336733,0.5898162892025676,0.4915004479720452,-0.04209097539564641,-0.17494042137720123,0.4170856184325076,0.0790853514967633,0.10264222948731541,-0.3328914659028714
2013-02-28,-0.6016440441626781,0.05319212674003976,-0.44510739704655955,0.5032718246430176,0.286625446700653,0.03840633967159915,0.2572988505881263,0.5625818536434432,0.12161759325155148,-0.5669995445486835,0.05693160267637311,-0.2986288086525154
2013-03-31,-0.4656258276683216,0.2588801942389516,-0.4960547394321524,0.1437868321902847,0.3108526454954261,-0.12903661962443122,-0.06495664541116326,-0.9415350103215345,-0.11652913863618616,-0.7625572823332911,0.14239963305824077,-0.2176162399086817
2013-04-30,-0.6392058967236373,-0.4495195583526953,-0.7199965648261144,-0.40831216760630806,0.0824898854231229,-0.717367649234932,-0.1480704389223088,-0.1842167773031618,-0.2685687186728715,-0.3632756235529363,0.10962350717310253,-0.288842683875178
2013-05-31,-0.40012242137368176,0.13886402738281048,-0.7328524456938812,0.04526648650071728,-0.22294845208598074,-0.7796746739544794,-0.08775388127456873,0.3015611889136709,-0.4337394110370537,0.10030564174721111,0.051836776572746754,-0.3543548933972853
2013-06-30,-0.47314176565719834,-0.17741843695734588,-0.7319825019317492,0.027937013989332328,-0.5926005853860512,-0.6489187427680878,0.2727466066864868,0.4498733090516107,-0.6384929185645931,-0.34047198017836316,-0.8408912404201887,-1.5
2013-07-31,-0.4776522324500113,0.04141111240424185,-0.6036186337297174,0.42928947100829573,-0.29983941029063244,0.530096531010049,0.23965965729748925,-0.08030765198443994,-0.9172139849252955,-0.1570651295345768,-0.29286176835939204,0.2342686471504596
2013-08-31,-0.0642317417576831,0.7706177424207342,-0.4478883741840137,0.60525911963154,-0.23514781172035734,0.7091680852567817,0.4988550724996293,0.18121825335388078,-1.129639321685995,0.0018838733519634943,-0.15705798305175578,0.26935777087400425
2013-09-30,0.2135415139621758,0.839934618654973,-0.31888654456669474,0.600254680309908,-0.3350571205405676,-0.14472360085499691,0.6279821391435754,-0.10329299360050404,-1.202144945243032,0.3132105234008934,-0.08217379424665985,0.12986922764619985
2013-10-31,0.3382660339507416,0.3419922875447795,-0.26129629957633693,0.3736499138719966,-0.5711983242957235,-0.3627305530570349,0.6491929375455763,0.057959911401188356,-1.0271329639675748,1.1067920892110106,-0.18277849797982004,-0.06372373085242745
2013-11-30,0.2736410542610264,-0.0525808694702188,-0.2362355046795853,0.16683542610902366,-0.7189350456814286,-0.30196263183672817,0.8126370784351412,0.47041373809140763,-0.43509365380111675,1.7722321508496668,-0.23306584375649708,-0.11227997652187567
2013-12-31,0.263602495802408,-0.12814467975017396,-0.210720678311112,0.052686203051066284,-0.6576681086067672,-0.10021946856517741,0.883869117073975,0.8790858003267971,0.2894238977787938,2.6254266336945755,-0.7046903782252129,-0.7121963482653348
2014-01-31,0.07102436241316633,-0.8339240685632034,-0.2595134117442741,-0.2500618365534402,-0.5023620218449625,0.39229514503635265,0.07892854786847278,-1.3815110715875007,0.9921488247633445,2.108493903615005,-0.6453559467486376,-0.22873584631176525
2014-02-28,-0.2165593670326388,-0.5287418993387893,0.05499250835856015,-0.3717007911895635,-0.26313396498482916,0.7673218708703168,-0.23967325751843685,-0.7937555290384108,0.9313773096782665,1.190520347076524,-0.38177829510367195,0.14202009057662396
2014-03-31,-0.2769200003293712,-0.1808636582543698,-0.25687766431564024,-0.8427547467307268,-0.10385372476774365,0.409114044812047,-0.4611649577039617,-0.41598334460475905,0.7595700293350682,-0.5865899307267817,-0.22692296982745153,0.5435110324805601
2014-04-30,-0.25381400860730907,-0.165379814985949,-0.8648540409351063,-0.8568536626399793,0.30740165303797573,0.48524147819478103,-0.4145310358358324,0.41588392949724357,0.6888125646848839,-0.14128787618681052,-0.19156146354884393,0.1885212229335997
2014-05-31,-0.14981274746179538,0.16811651543575368,-0.7142653699217271,-0.20036552435071356,0.291539989151392,0.7161238088960155,-0.031744790339629916,0.7043777262202371,-0.15363067051456225,-1.6784825454853936,-0.004679188948651103,0.41197127303919323
2014-06-30,0.16523823015705408,0.488402675057019,-0.5742658334848316,0.2014963083451215,0.5950711242792234,0.7020074704938744,0.045521791735472314,0.43345296094909,-0.5644488941429249,-1.322301477399257,0.06728911074465999,0.583604332630888
2014-07-31,0.46989201107979367,0.5962467800523509,-0.28283413250624884,0.5874387804813479,0.24519155809895574,-0.044602528285165144,0.45341233380865015,0.9719685993982736,-0.8024201591882912,-0.7176980762601903,-0.04758449545661278,0.11991610732027369
2014-08-31,0.2219842573309629,-0.29872840240039356,-0.41714114788407985,0.12535790529935786,-0.36760576396817807,-0.7900509769680604,0.7883838189217091,0.7154882141704101,-1.0635652991023912,-0.6328519975674369,0.06386942100847871,0.182094792166079
2014-09-30,0.24127074347579336,-0.038076217837610754,-0.7862646671061699,-0.5630252878466709,-1.1901239039444447,-1.2980884161478154,0.7833765429913566,-0.04837681810989673,-1.3710835425257821,-0.8449525770843805,0.1683498872256017,0.19802414705604693
2014-10-31,0.14338208372416716,-0.22342396993473676,-1.2782214933766292,-1.3512650722739352,-1.8387790745598793,-1.5422295820447771,1.0139341647330702,0.41770290327673676,-1.369387758699425,-0.27898802881904605,0.22770521266291407,0.23901707178853754
2014-11-30,0.007331049162980496,-0.46439841992827824,-1.585992260842127,-1.4186676305195136,-2.0370608801846437,-1.0117007858094316,0.7869891162667991,0.4302140385226211,-1.7967286197594126,-0.8862637042007476,0.2826144057762624,0.22061289080472507
2014-12-31,-0.17117392052713493,-0.36854228800048583,-1.8018927830602456,-1.3435959261124995,-2.470706104477918,-1.9784165611144586,0.4594154671253229,-0.5533257301643992,-1.0940293022144436,0.7133280676370867,-0.679144995867074,-0.7913146586689268
2015-01-31,-0.2042401925682442,0.014025286079095318,-2.082095292007363,-1.2841249054882549,-2.7706194646387794,-1.7138151566183701,-0.5083475987547408,-0.9935183652374758,-1.3043112600015603,0.16081169532542983,0.08885371653724104,0.07075924218284799
2015-02-28,-0.4692102499455031,0.19264530408962194,-1.9337016963551503,-0.13206698437511513,-2.3924802300974197,0.13113089722149843,-0.24434294744647514,0.19132626140649164,-1.4847404021985313,-0.5752193209312184,-0.7122826861251137,-0.5046902455506745
2015-03-31,-0.8478658358598591,-0.19405097327737214,-1.7615675978184506,0.3257039672881982,-2.0361675634893737,0.022417871584908433,-0.1613747923226614,0.14069836078326303,-1.3038565337771921,-0.26011654875172446,-0.08679302811392345,-0.11793045104931141
2015-04-30,-1.0187856284818824,-0.5070478112176017,-1.3251426349305262,0.9837333999269562,-1.235093461529054,1.0246018285923095,0.3476009499562671,-0.012899403263028467,-1.1959918676525954,0.36980303192803915,1.5824790174662935,1.7241863003655131
2015-05-31,-0.899003249020189,0.29413099855058233,-1.0701264681687448,0.8754461693933195,-1.03597705170641,0.7292624142746428,0.07072067461817956,-0.07857422626008936,-1.467997156455727,-0.3694889400754694,2.110841704550455,1.7995690300181053
2015-06-30,-0.6438520293738255,0.6169929914167978,-0.8672306577444411,0.6487018940660632,-0.5898942453581967,0.3831027822667128,-0.18181507913458017,-0.719590145743862,-1.4715017996722657,-0.31076569109481894,1.5287231897731848,0.2335441869573911
2015-07-31,-0.8309483885911897,0.01136376435960354,-0.844000622318292,0.33722668822080204,-1.0344681121884804,-0.3763462932615952,0.12436263587684768,-0.4608004436530077,-1.6991474616716125,-0.00467118640751743,1.3906278379617305,-0.6580438324452861
2015-08-31,-1.012155868399669,0.1375097252488924,-0.843444172620847,0.2566305646709588,-1.0381796048237542,-0.5675446958530841,-0.3976036647420251,-0.6321401332706629,-2.011651393644205,-1.120767937885278,1.3344565668916328,-0.3767296120195287
2015-09-30,-1.0724131667626677,0.26252020120198216,-0.8851747802047549,0.09182881065018819,-1.178029578268885,-0.034769578724650085,-0.38399265608647565,-0.21840183137900004,-2.0131950815623894,-0.2897993096061486,1.2885645510436072,-0.32918238746553724
2015-10-31,-1.017012214170351,0.19606469910832341,-1.0709658981621841,-0.3625726773479331,-1.2416986136852417,0.16184100220152975,-0.5170319611333621,0.0015580608513593719,-1.9093535450254,0.6532561165610077,1.250405133660671,-0.38589749396370154
2015-11-30,-1.0562736426273414,-0.1647892179644413,-1.3115958544391364,-0.6470280668109809,-1.2722272386108977,0.28076927647323346,-0.7128677675856022,-0.4881962012662975,-1.9454383287634864,-0.162329778861388,1.2284130902616572,-0.22790426955158746
2015-12-31,-0.8176855748904921,0.5085224233822753,-1.3867630551715175,-0.09634256604100347,-1.2008380627884319,0.3953185440481338,-0.396808857042809,0.11279308531863697,-2.0805723752180674,-0.4400403161044934,1.1068290939486005,-0.39027898556607027
2016-01-31,-0.5995724061509433,-0.2460040880821057,-1.1635628703894851,0.7513670077135031,-1.0120707462508478,0.6313951282838162,-0.5413208848837978,0.16736075908730141,-2.242555540485756,-1.3536992583379954,1.062486249371263,-0.3732331000830804
2016-02-29,-1.073854544487131,-0.16983206509998083,-0.9411034237116196,1.0377506540126795,-0.9520655693753252,0.31058452230888545,-0.5200721972354836,0.25937666111852314,-2.1461635691711374,-0.49504889508641153,1.064555299185151,-0.28812728485625755
2016-03-31,-0.5419915840640359,1.8666757632487083,-0.3564085523587616,1.3149176240073839,-0.19568002000351414,1.8354311018465777,0.048215547192317965,1.3145312827510751,-1.9568427202611836,0.4822541315344939,1.0381614898178033,-0.14629352886368288
2016-04-30,-0.04718126062158845,0.9794356850408064,0.046231144236279165,1.1088922376619688,0.34275747192145634,1.2100494239576953,0.14466334726194752,0.23333088489035866,-1.5704716340084142,1.6640953257684687,0.9467999983702564,-0.33997911765048405
2016-05-31,0.11111785756794929,0.751522216244727,0.4282393797203753,0.9894248144555409,0.3043126155576869,0.355055558144648,0.24881438596102673,-0.02309239771886816,-1.4611890445055566,1.4406295203586654,0.9327865666239761,-0.3157756982472589
2016-06-30,-0.06894059247484202,0.2303536699678574,0.44409105140148697,0.42895816463448583,0.18006862013967384,-0.2181963474925786,0.35939330282935567,0.28150809027690676,-1.4635922365928355,0.251646228347153,0.8467512485856445,-0.37109708970820604
2016-07-31,0.023160992444605955,0.38937158268059374,0.8522717627029233,1.0141070039257238,-0.05460289606232083,-0.5669750018320096,0.4736650541972093,0.4305327354116132,-1.6012687610425376,-0.7484028485678222,0.8204986822540306,-0.33976445569726477
2016-08-31,0.3742774490916708,1.1133849799862001,1.0629996106694537,0.7956918253132927,-0.24898580361875172,-0.025158634326537373,-0.001885540783140488,-0.940619369106799,-1.7347015510598798,-1.2875758369918666,0.7983701009811638,-0.34581932443782765
2016-09-30,0.5757983807755345,0.7512875806228854,1.3331808939927834,0.7134220210218766,-0.05421911905458673,0.20368635715925915,0.46383673801062375,0.5285933315201965,-1.7750986181566686,-0.8040359669192814,0.6777728116223483,-0.4043907100410679
2016-10-31,0.8389607499133824,0.8070052983888478,1.6203073970789577,0.9074456527019725,0.11525690840250305,0.8958074967051746,0.48577716604862653,0.027865079592277464,-1.7466400435229703,-0.5476507730753719,0.5695165085987367,-0.5203867072682914
2016-11-30,0.9707603173040397,0.6249671213041456,2.1793406142602927,1.5124631750761228,0.38360654723784005,1.0241255345117863,0.9028535153620684,0.10807627603914105,-1.5261815555150027,1.0009362400301913,0.47109553773609425,-0.5513506154028432
2016-12-31,1.0430171970222848,0.17798149361858923,2.3072103872432135,1.3535873570322337,0.7141097361497113,0.8937138308665593,1.2122256425491078,0.30203383854592186,-0.8677200802354766,3.0,0.27807712590397793,-1.7996302230709231
2017-01-31,0.6802418283098483,-0.2899910727060747,2.4835754318583128,0.9395189145886849,1.0885163183450852,0.9287389512677204,1.377939866892108,0.010630298924197736,-0.7373472714977134,1.950506029436247,0.1987356475179938,-0.26381331122289003
2017-02-28,0.5713193440470775,0.17627688759432097,2.2871558521162263,0.4307950285341072,1.1544800204485788,0.48151874003314393,1.2671145740720304,0.2963360652800682,-0.21959178905589802,1.9477256370516787,-0.19151095783575908,-2.5294510629873046
2017-03-31,1.1138306692406372,0.19922756646956316,2.1003195322113455,-0.0816260471326743,1.0799625719744472,-0.308760839318686,1.2019411632883632,-0.009516510258758881,0.17871958504071878,1.5308067963864933,-0.561566960470644,-2.3356839992711103
2017-04-30,0.9884408533827003,-0.4790379450828706,1.623710619449954,-0.9289358522176503,0.9468398950154127,-0.7359550319984852,0.7632742391286955,-0.8041652811269133,0.323808163170042,0.5650314223010016,-0.5612193006145998,-0.5262901271991614
2017-05-31,0.8451868590184356,-0.453762330088343,1.465723167234566,-0.6438130995471305,0.821610249982419,-0.6060658064446897,0.45647239483153124,-0.016147107941312966,0.5798257631912213,0.6309702906575804,-0.5459250458274547,-0.7459321891257936
2017-06-30,0.9419178995569966,0.01840887276037878,1.3644949485137252,-0.4181060402530221,0.6052188676743862,-0.9725662529366161,0.9371702710431975,0.711955654034826,0.5831106227359152,0.15882682576975704,-0.7094230812252121,-0.15153875586885518
2017-07-31,1.0024777281915753,-0.3230282106992354,1.3640122384757876,-0.29776490269237554,0.7401151437746343,-0.4731315741719545,0.9939672889653369,0.07974579074631283,0.29117892006671453,-1.1429451337635714,-0.545987497101182,1.6712450717839278
2017-08-31,0.9647142518012938,-0.3573240490098395,1.5628149157339561,0.047279781065063364,0.6279036380179595,-0.4600641146758825,1.069959067404968,0.03129549261723548,0.1237913571420835,-1.1042722652716903,-0.6620856391905963,0.18155826682971685
2017-09-30,1.1840305500229384,0.5687593267045779,1.702397730756613,0.03526789418124693,0.822878070816719,0.05817497680310277,1.1820862856511447,0.349250125452385,0.06571235824977745,-0.5203382650038839,-0.6922496753280755,0.14485373635294582
2017-10-31,0.8029931450387279,-1.22402209140962,1.6551739818533804,-0.15571124112602894,0.8286517859286239,0.17691523493365652,1.4090941652684703,0.39291152713030997,-0.08202291554116181,-0.621023889083721,-0.5963414408149175,0.5632648036562486
2017-11-30,0.7723620354487761,-0.20559670963673785,1.4965111689512167,-0.4945743763770946,0.804654827848348,0.31756281455021046,1.4775546652325044,0.12473454195350597,0.24604107657341945,-0.04249715049778294,-0.8272456951132978,0.47095241870213905
2017-12-31,0.8697360122503169,-0.08890919694533599,1.3221913228245334,-1.0593413207779085,0.8779192684175503,0.04521371000581396,1.7511650368744311,0.7326493976140455,0.9331997855663204,1.4741567425577518,-1.1682831501904363,0.19570377840844386
2018-01-31,0.5783017871818863,-0.6907022566133985,0.9626506213375423,-1.8325939153145914,1.2492799733143531,1.0590392864908609,1.3515416917904142,-0.17560809926838916,1.36614679633329,1.1059087449408107,-1.031482450090008,1.0517465983242038
2018-02-28,0.2765254624055652,-0.10346453362123614,0.8051948644190163,-1.1168008008272234,1.193686909056233,0.04583006529669075,1.1440916982010823,-0.6063273485306043,1.5518674015828324,0.6592478804719147,-1.1804310776811942,1.1659028742594977
2018-03-31,0.4366725102693506,0.5253794655771854,0.5526754486543284,-1.1812088979472304,1.1166333675734097,-0.18287809104552707,0.9021301949425776,-0.8397966684241809,1.5752259546348533,-0.10508159689529942,-1.3137488420375318,0.5428361856496826
2018-04-30,0.6515576897317156,0.20239025397011248,0.520785346939277,-0.5676688961618961,1.1545262728708467,0.22492109278945907,0.841305762825493,-0.2564133756432742,1.3864945187873547,-1.0492098182922107,-1.3787393678744508,0.53295788605687
2018-05-31,0.7557766190010855,0.4280926930499672,0.31820079479247504,-0.8833055554572664,1.0610460750921604,0.03808906928941136,0.9357240005236734,0.15690449910681148,1.4584559590604866,-0.43324296227218045,-0.9017309259573358,1.4758412681268918
2018-06-30,0.8923578597817389,0.5286925577274922,0.3346803580227105,-0.4004252847507451,0.8953263921936212,-0.4211942214425797,1.0014097189475493,0.22955568622846007,1.4519738441685552,-0.645012063887776,-0.9708881410649854,0.2103166711285083
2018-07-31,0.7196319942255421,-0.09901964543744984,0.21381138544059122,-0.41910813720784523,0.7235707826368425,-0.2364096821277993,0.863365598834252,-0.748601171000489,1.2069138508210195,-0.7017557944220775,0.010325228426486442,2.2135052816101703
2018-08-31,0.5278547104934828,-0.3002606197776308,0.3351690943339613,0.3003246039083314,0.4683527990680085,-0.6749273088540341,0.8659499145526137,0.4044533489346479,0.8290301771830099,-1.4755844780106013,0.49197619655667646,1.9304581253158966
2018-09-30,0.29979309736040877,-0.512342532482405,0.25318326417956155,-0.13614347895229417,0.42279752158810313,-0.02649801172135421,0.8931877546867708,-0.3175133605801318,0.7206813953407393,-0.5466644448686454,0.2951338846472825,-0.43314219643836677
2018-10-31,-0.05341568386556207,-0.5713110427012627,0.10245090675017197,-0.46473111277601703,0.16455652819332506,-0.6952305312882794,0.5779712529283332,-1.3518564381792177,0.4902636571304586,-0.668086591188384,0.47233172481336494,-0.3608908320828724
2018-11-30,-0.3674074842275108,-0.6355491664950602,-0.31930121015907365,-1.067124815235777,-0.37825875495045247,-1.6268473466209104,0.6980671864170672,-0.17632822550322985,0.239140158751694,-0.7017691801220616,0.3851580421271002,-0.3871086194858936
2018-12-31,-0.5045739482996282,-0.3250422769238742,-0.6547454139904673,-0.8507314090568552,-0.7450679918699291,-1.864910523169613,-0.15874975607094938,-1.5719579600289602,0.3467022344109535,0.15675209059618536,-0.1877081936154366,-0.9581341252978606
2019-01-31,-0.7824910314771749,-0.25955283148777936,-0.8461228444822164,-0.3796672952808774,-0.4746859578479815,-0.5961340282973402,0.17427352819877143,-0.06795945277392954,0.14086566563805306,-0.2865704677488677,0.5649675158402696,0.8507006706859693
2019-02-28,-1.1292911421001073,-0.03352764014366015,-0.8483174977003951,0.12017974504290138,-0.2345527453720399,-0.027309980243912357,0.11526782446957592,-0.05474615428613955,0.03233331730375538,-0.4270524880943952,0.8364113196869979,0.9713889600753164
2019-03-31,-0.6766875812987192,0.8401126489373252,-0.7581098260577459,0.4881523733276264,-0.10016709605569601,0.5497397582499667,0.23671881227717054,0.04910672621802495,0.04987384867311384,-0.14892873357807876,0.4005098395513904,-1.1975744456759858
2019-04-30,-0.447190377242756,0.5738233080341774,-0.8292539578209949,0.32445704511631446,0.11170026269615244,0.18933511626174335,-0.09014729991911373,-0.630162439813793,0.08009004666796737,0.040805503218114145,0.3961098010749168,-1.0389085968515899
2019-05-31,-0.776178384042422,-0.6261471611549129,-1.0440490209669917,0.0010927384638972984,-0.3228056515523724,-0.45648159161835045,-0.5891035186885764,-0.9879479701452106,-0.06805652954115651,-0.20980472146462564,0.5271521129190171,-0.07195297102002228
2019-06-30,-1.0751160040015972,-0.4564754078686454,-1.3853942177274232,-0.3494566940800571,-0.6291333554892922,-0.7950154581619635,-0.7761626326249101,-1.338953305459098,-0.13361568375991884,-0.20397063539502674,1.2430223633733262,0.743484873829606
2019-07-31,-1.1771793218002782,-0.11335896832228542,-1.5115392395861083,-0.09785375622375753,-0.7233782803994023,0.0362312938039082,-0.8786406024773936,-0.48154290071031725,-0.414961845469015,-0.6355443296968968,0.8441860041071071,-0.47864476819756485
2019-08-31,-1.2082476954173509,0.19856473541859193,-1.648044992259698,-0.20386469415670347,-1.5294343816721163,-0.8559087661523117,-1.2209284210342601,-0.498891463047534,-0.9604652747667597,-1.6233155558063708,0.6411953811253344,-1.0920092769935401
2019-09-30,-1.0040952947318744,0.8521899522030253,-1.6059949131860538,0.11595817635117878,-1.6434603679929234,0.06993331851941885,-1.0059719273740468,0.47434754841602256,-1.3085866030597,-0.9584682488813075,0.7584101259703637,-0.43487335267805904
2019-10-31,-0.963467705494596,0.2360309368019643,-1.6587448439356143,-0.14533254631670747,-1.2069577479412943,0.45801876791455154,-0.7777119399927035,0.24500122805262692,-1.546063262196792,-0.1340155389884396,0.5819985806801744,-0.4255625684619071
2019-11-30,-0.6478441071621365,1.2929069156493829,-1.6739689936786442,-0.14370271833359421,-0.9548153029258398,0.8466120448904207,-0.5676849342156323,-0.2805141974530373,-1.6736046141780911,0.4234325474039123,0.9238955286907929,0.032184795272740624
2019-12-31,-0.42416982948568027,0.847007316191529,-1.5310114927607579,0.35273991979628594,-0.24026561950755793,1.5650484762286663,-0.5133695609446083,0.08584848789036736,-1.7835184077342539,0.08127526485290121,1.5136525141779336,0.8620720432226856
2020-01-31,-0.291369607275774,-0.07301345001722237,-1.314110930213671,0.9132510300917492,-0.28376318811981743,0.6129617216057169,-0.6755829478069652,-0.09654298853262927,-1.7876125348653678,0.37116236456003243,1.1103875786117634,0.16293921756408553
2020-02-29,-1.9265044065194998,-1.4426218938532336,-1.4887918411793566,-0.4207485129597168,-0.5736047765028038,-0.40345059288501695,-0.5493020860043021,-0.1403399933392061,-1.813215357657016,0.18992382319316123,2.084666388611626,1.4873879809677426
2020-03-31,-2.2414511273873075,0.24775091331427457,-1.6602962891715347,-0.6695033299071087,-1.8070069879921065,-2.3049582995177365,-1.3051458148939918,-1.835793092935294,-1.651220219968315,0.3069046340522437,2.4762167883237143,2.801813682445493
2020-04-30,-1.8851040269803754,-0.3324015063480932,-1.9457136898111447,-1.3858810196854403,-2.381393691432765,-1.0374470338734543,-1.6272270201657242,-1.9954964103493025,-0.8752219155880606,3.0,2.761403204595954,2.6391585666578603
2020-05-31,-1.3246960128382896,0.3944835435633291,-1.6791587940634258,0.09078447237210152,-1.984268114933016,0.32662922702998887,-1.6509467997240501,-0.3196028947554229,-0.4800735138556371,2.8051672179579796,2.54664573221038,0.5423944977891634
2020-06-30,-0.4234755246284627,1.3137585844652853,-1.4548200592529186,-0.09574810949420909,-1.499712396578047,0.5116731007931019,-0.6956313540587847,1.3302740400824735,-0.3781420047199232,0.9585771026462783,1.4612342124842,-2.3544932232218114
2020-07-31,-0.03935590034586672,0.8135167278078532,-1.3560019972400394,-0.6764296803406364,-0.6270901524794346,1.2124082673833312,-0.27030495782446684,1.0640200912707478,-0.17841806914542394,0.9426894759117155,1.0281208097022438,-1.6170335972045573
2020-08-31,0.26988308625192314,0.7266760336854479,-1.235611660841644,-0.5076785135104964,-0.004217432283451006,1.2382424779220682,0.2281326907072162,0.7655624900932322,-0.3964083001204601,-0.23252730424158352,0.7498456212699389,-0.9547224743283429
2020-09-30,0.4472798573566344,0.5475368173865418,-1.1162408285235526,-0.33224094834396856,0.4374956385660606,0.4969497656141916,0.4075106164617813,0.2749463986547712,-0.6455263138901313,-0.9391799870448696,0.6794392134665556,-0.285045774468112
2020-10-31,0.6503463208038346,0.425673568179968,-0.9246536490612394,0.2865274502481953,0.2696092216720408,0.3617477417448216,0.550686491418077,0.39980033293424977,-0.84362970622195,-0.920793843763699,0.30878491549120474,-0.42007431910493875
2020-11-30,0.794376682693122,0.37526468812947633,-0.6337537177554837,0.8459597655500137,0.41911270359829417,0.5815711349732253,0.7045815544285938,0.18989335672520713,-0.8761175800583172,-0.3567422708734471,0.20913096594998254,-0.6949435071611514
2020-12-31,1.136676781586208,0.4820997698536079,-0.29892410778368717,1.0810478943153294,0.8094341527748291,0.8389890290522055,0.4178003952940915,0.04140012172084789,-0.9517347669916103,-0.44843916302680153,0.6131595898213462,0.8168434859204424
2021-01-31,0.7167238885921319,0.2007420079213309,-0.2982102843808878,-0.13746845842851335,0.921561610324385,0.706018028280495,0.3076868594273856,-0.5977095349812509,-1.0146298364349624,-0.32010706842190717,-0.14599545439800976,-0.09802408938712642
2021-02-28,0.6000138761633469,0.6709784969389756,-0.202173129720005,-0.06228516759551618,1.1364154823554034,0.836065035427517,0.41340095562515866,0.016275332936229847,-1.1614211782127817,-0.5020493952942695,0.2659266211832862,-1.0732132362240248
2021-03-31,1.614158576681639,0.973513614940759,0.0788982448707618,0.6483952386386593,1.231023309236441,0.40605092286558303,0.37253973622484415,-0.5578276194951565,-1.3519588813404912,-0.8517630285136404,0.49569842294834426,0.5530949526415614
2021-04-30,1.726043502327491,0.5434887519564238,0.5019712411085561,1.5977687155514788,1.6254936106866515,0.7671067179900759,0.3228135918774373,-0.45075345279181944,-1.4089734875985722,-0.13246148820194814,0.5515002829651813,0.2202227986187375
2021-05-31,1.2018881060105242,-0.2343890984033039,1.010441851214038,2.007333940040901,1.906061521665469,0.7947052634216308,-0.09678963137824065,-0.045682518360583894,-1.4860151355181468,-0.1845333309377228,0.48504568766935285,-0.004118754889365823
2021-06-30,0.7904316667238014,-0.49222388273690865,0.9702070976599082,0.677405409624395,1.5843487589733658,0.05932640211803075,0.05896666716329141,0.06839035980224656,-1.562906612910956,-0.16974272985131517,0.15684517477886434,-0.374117745183855
2021-07-31,0.6346799392091755,-0.5369462545380566,1.031426464446827,0.797208061022609,1.4551951607413294,-0.06124412588001382,0.09815028316796093,0.5914127976444585,-1.6674869225672813,-0.292819281544374,0.39362551375419474,0.0802441926151907
2021-08-31,0.1289501371003867,-0.8569022627334963,0.9940377708665988,0.3726611684527751,1.201110623086815,-0.37672513901391463,0.010059619698707667,0.3278062821701372,-1.5123728790951023,-0.013690611314374795,0.42435419913176775,0.18618206507128288
2021-09-30,-0.11049602889011773,-0.5627093799911393,1.09939491593664,0.4717508186061791,1.0728649846135228,-0.6163361984439584,0.020657524255049742,0.0921593417236926,-1.0432027389098222,0.8433451501973941,0.2938885794365214,-0.012560461311111756
2021-10-31,-0.4136405786035204,-0.6880677474959301,1.3133566914526018,0.7724641141449516,1.2146657493324633,0.4874610601112441,-0.13805117234200892,-0.3085102626673161,-0.854120740016604,1.2323243565676048,0.315958072452297,0.1917120019025528
2021-11-30,-0.36341009971728466,-0.057723862754141764,0.9996257662193866,-0.5316541333126754,0.9792056632210164,-0.37467816957959343,-0.06961534074759854,-0.4749272043240734,-0.850080922704931,0.30408906821811943,0.22528221886966351,0.31799626430077854
2021-12-31,-0.4607049878193625,-0.2417293322996279,0.6639492659929739,-0.6846369163257688,0.9649712505667547,-0.8141025459400341,0.03765588588089297,0.1876369499126793,-1.0109676130478862,-0.3062050887886366,-0.10879903133379235,-0.06690594236346653
2022-01-31,-0.07165868041031451,-0.12252817194993171,0.55419135418225,-0.543056593282907,0.9531505548163761,-0.18419224345830262,-0.05641185060073514,-0.1533010744738538,-0.8317323713770226,0.4045971347294584,0.2424450522811675,0.30752329962313385
2022-02-28,-0.1487374889159511,0.4666383677583946,0.5437927868037677,-0.5444276856213343,1.1384685092450268,0.14682498590461318,0.08275226711714243,0.48238909436939065,-0.56031983909168,1.616956704406495,0.32466565427649524,0.5071114532020234
2022-03-31,-0.8244926373612126,-0.684158280570064,0.6354632975311734,-0.3898630819758764,1.329846678426604,1.2804523401961658,0.1846726559770428,-0.42758398695746186,0.14766385054546574,2.204270862497661,0.17859131522184823,0.09395536234049803
2022-04-30,-1.4474152156401487,-1.5887415248477916,0.5447852949618439,-0.6927901089271044,1.0954627541639093,-0.34639590199498815,-0.033014980112804404,-0.1385973006705215,-0.05950494695786242,0.12464245265546187,1.1392856355062844,1.28870515567529
2022-05-31,-1.2406690070405122,0.5516070350153659,0.27435377131423877,-1.0291138531876607,0.964188596155437,-1.098334974829236,0.13165498498264497,-0.14160808467010616,-0.6530053086042049,-1.6635736474135367,1.6436409013064168,1.8442196294234758
2022-06-30,-0.7259081508379079,0.9461982310080645,0.021934660304252285,-0.9331146031643841,0.5906978290103333,-1.3709450058151866,-0.22762987991351957,-1.0428755906363258,-1.221218283198554,-1.4524313338119352,1.2236835797991565,0.37388321584646805
2022-07-31,-0.4191042166630558,0.5333434924373534,-0.38844296806369466,-1.173323268645718,0.36166923752055313,-1.7852841925648595,-0.15467936368555002,-0.6534526776975795,-2.0588824523680564,-1.8642320403038393,1.7957507459778161,0.38418694450922297
2022-08-31,-0.15625935108168545,0.8927914794027414,-0.5157402152449582,-0.6955599840247437,0.1424522460093343,-0.5360897232581604,-0.0070192969163369034,0.8850595036802118,-2.3898554379622965,-1.5518100457964237,2.051684606344621,1.7418483373720908
2022-09-30,-0.17754599662007756,0.6368408494570693,-0.6256515795569608,-0.6497193983483565,-0.1259860214785939,-1.2363957693371197,0.12942181204423286,-0.08465339803514758,-2.5315780653014173,-1.0352003785562895,1.4906423214194522,-0.7537127362833493
2022-10-31,-0.3943052550433624,-0.0388381775325793,-0.6866700064516802,-0.5823560273581722,0.013791191480853948,-0.5547937120564678,0.14514226343465436,0.4000743355178839,-2.602928700576019,-1.1226512534263458,1.2004325589829057,-1.4700960431450423
2022-11-30,-0.8483115125009609,-0.6703073835257609,-0.8103483844418249,-0.6110637320648861,0.07916563340118653,-0.0781425439713192,0.16383179555545085,0.1832464250158734,-2.1682047703650684,0.17396167485227493,0.7031780358388552,-1.9026306991087165
2022-12-31,-0.9529985810445903,-0.37104888600673813,-0.7538878767932572,-0.160778651474698,0.20530453972331494,-0.7769891048742987,0.1791351979556979,0.11003911056378836,-0.8369400154490021,2.7832358212714228,-0.10572515473500585,-1.282266946983386
2023-01-31,-0.543076659141098,0.570565968515291,-0.5613812543691794,0.4771470021748275,0.0715321768525139,-0.3652984473054696,0.1864813751864707,-0.22984656310617646,-0.2901722868898739,2.2155137153029836,-0.08912314765490909,-1.6662062043753103
2023-02-28,-0.11203402193027405,1.1104630137980642,-0.4771957898822442,0.5764260960166595,0.02555072716854373,-0.2448480859002743,0.22012689613311834,0.7322679856455253,-0.3255383330857679,0.7259231530834599,-0.5736795791050985,-1.00731905979564
2023-03-31,0.17136169497080694,0.9054744167999155,-0.5482589943202063,0.3201795491359707,0.007429631634049916,-0.3230150715967525,-0.046161535170987616,-0.726543439659201,-0.6446603417367629,-0.55856072336876,-0.7145445549082612,-0.345596517608248
2023-04-30,0.046227561373302056,0.24422683540427093,-0.8541358459730906,-0.3473549638636787,-0.14397820303189957,-0.134644723039001,-0.3561218138439436,-0.6513946346545086,-1.1012312153047135,-0.9892589911326057,-0.4237422266965992,-0.040829263596188006
2023-05-31,-0.1801145201196887,0.22362057638671676,-1.072063964954517,-0.2969488332912727,-0.41830407217379745,-0.5835309135188618,-0.6016168284176324,-1.0165823530024356,-1.1906837971926865,-0.4955356375270809,0.3608007895402256,1.1661592829023733
2023-06-30,-0.41846152230580314,0.13892974052682522,-1.203350902292393,-0.31156987546125464,-0.540729007448679,-0.22958311659484132,-0.3813454565183584,0.869023816859771,-1.1270482500970347,0.048675278374481844,0.24056272091285036,0.37947217671620787
2023-07-31,-0.5999475473165147,-0.133299023909585,-0.9936868254623613,0.7963952803581353,-0.28710058648125636,0.428376948752967,-0.14738854362940446,0.8241639725018594,-1.1229565013117928,0.10862574141691927,0.6735296377897579,0.36056499985424406
2023-08-31,-0.6930045880653979,-0.031121950980498442,-0.698908099539425,1.525253763844089,-0.24486163882095227,0.2221744583788215,-0.2500233178164988,-0.020302910294495664,-1.160587684001357,0.14493587036355293,0.4255187806987338,0.08854595117537682
2023-09-30,-0.4201886968345474,0.331778025869618,-0.3488975471577674,1.9111706019824084,-0.3729191416725262,0.47633349238700845,-0.08919576319040143,0.1381110107758807,-1.1491875346554705,0.11329128628603394,0.0057763621075895555,-0.7661781195903969
2023-10-31,-0.3965886047731476,0.09820752441689756,-0.49274633748557706,0.6613062787060194,-0.3986397456824712,0.3925327997082183,-0.37735813379693006,-1.273225432915656,-1.3013982296785005,-0.07725243745736936,-0.398513881927967,-0.839090228382054
2023-11-30,-0.23177556534553903,0.38766088124834885,-0.627738457545651,0.21098624446623104,-0.6520780736291305,0.04937284500895124,-0.25691219741589066,0.047310078592560006,-1.4577278983728954,-0.026057670131633442,-0.633816373410169,-0.19174453284180643
2023-12-31,-0.2656584105601836,0.2233068963200372,-0.7333342044070061,-0.008865915571682974,-0.9438718895515326,-0.5663883155357656,-0.2790450184665539,-0.012067197064536822,-1.5306180141660928,-0.2715539309445654,-0.5467189244816062,0.2507765765402219
2024-01-31,-0.4554784134455462,0.22322450619003223,-0.8586345329661726,-0.2054457912222865,-0.762512793541446,0.7338767808258994,-0.06126615958960741,0.6268069548878742,-1.9268671188619861,-0.66000020233551,-0.15765317796955217,0.7615418855553102
2024-02-29,-0.5920804471031764,0.28080492579155525,-0.6108319264383867,0.8540629192967998,-0.6041071893624959,0.7747987486262427,-0.09016023716241345,-0.2558755525733771,-2.354655712812461,-1.2905849996138816,0.23272320872933458,0.8195083224298413
2024-03-31,0.21725674647156296,0.7826401789411352,-0.650686491443546,0.4886468279444393,-0.4376415863530894,0.9463858237348887,-0.1646310913175836,0.16985363427548344,-2.4976701770918286,-1.1310595680688031,0.10137385944232713,0.6092694846967919
2024-04-30,0.24801210127829937,-0.22970748422391385,-0.41796965191764346,0.8860956698922186,-0.20834956338409663,0.826863309988126,0.1839890677657631,0.08783419937670434,-2.5337513900880078,-0.6650557413260471,0.36538501401315115,0.5593149563001499
2024-05-31,-0.11408758509509973,-0.6743344393919071,-0.625219341235504,-0.0692808776242276,-0.3046766501004869,0.03343136329088655,0.17600828221473575,0.11420311315165987,-2.623192965660313,-0.8136998803523249,0.6138938356392745,0.5425879308125968
2024-06-30,-0.12871784795227076,-0.06655708903051338,-0.618819978817149,-0.0894144069905391,-0.45050271385442864,-0.5064660747130815,0.06982812740492422,0.07161003765260626,-2.7126685306536764,-1.1802648888524763,0.2613384818464407,0.0760874855865713
2024-07-31,-0.18150478485549387,-0.1069545305221049,-0.8048010832044605,-0.34498694348317094,-0.4626708010354175,-0.15437823128679917,-0.524875177934165,-0.9411743178190092,-2.6019341915089598,-0.6412056464718946,0.6433091604743175,0.27238433601541023
2024-08-31,-0.19591444564868377,0.0809087434731228,-1.155297633841551,-0.8731727203504325,-0.7668256755713825,-0.6426802407270855,-0.8049364124488402,-1.1974114732067185,-2.251759271391124,0.6426442152236309,0.7919341265169388,0.3075156426993217
2024-09-30,-0.08629289379309041,0.5610060286249572,-1.4317934389112659,-0.9322502929023242,-0.8909558538422784,-0.27747145872234436,-0.6253798488232322,-0.43715230865264754,-1.6593786719741557,2.9059251945449756,0.7138011698677812,-0.2220433903140786
2024-10-31,0.020775207778153726,0.33790979076743355,-1.2519892133952462,-0.3409144540912235,-0.5743112968406401,0.6627505046468612,-0.8142605105627723,-0.2882905516974335,-1.1064751100829013,3.0,0.9786612679997395,0.7195664303739935
2024-11-30,0.09510686227946763,0.16835461808812216,-1.170345397246593,-0.439392556636418,-0.4496834233361903,0.5826811552768859,-0.953415608839506,0.31981165393925826,-0.6438210036540222,2.42859285797294,0.9703366206999579,0.0950650051077722
2024-12-31,0.13582878989528716,0.06297563176230578,-1.0029740724629723,0.041988205548839586,-0.470685448190049,0.2393047016909161,-0.6810634178163681,0.6040460052729067,-0.595307854410636,0.7098039997461667,0.879904585941878,-0.07737931183657128
2025-01-31,0.00919259948242776,-0.8606271507378699,-0.7143231461422545,0.5589902705878645,-0.1004051119451678,0.9632518418642068,-0.15726242309631944,0.40072538547644126,-0.6877641342821308,-0.041799019040015706,-0.17182010883772442,-1.8886648639097174
2025-02-28,0.025031884176393904,0.2793610131535375,-0.827217154124027,0.06399467522125138,0.17201138142038874,0.5499642790758545,-0.014241759740083654,-0.46526639768203376,-0.7324506763160739,-0.14845058388784765,-0.6357633797528948,-1.2685789959429987
2025-03-31,0.010118517328378096,0.20448779592828623,-0.728072307272565,0.12995915419428142,0.17049124804558013,0.008465127460633576,-0.3634510370377779,-0.10595647250475387,-0.5683257711128845,0.5579996158546461,-0.29952272930494706,-0.0033828556542626065
2025-04-30,-0.3806228314064838,-0.6746378036908489,-0.9300268852597795,-0.3590589340306647,-0.21310871775728576,-0.762953408547323,-0.9576109796767657,-0.9818744204210686,-0.5116100351225417,0.1614810966522314,0.7900195113752733,1.5111070330185459
2025-05-31,-0.3600911166770122,0.05340240830063448,-0.593308511580116,0.32733879373910646,0.15664678236499885,-0.020844458194478454,-0.8521324830309489,-0.2582939581935566,-0.6431168158433915,0.00421768427357469,1.4115152715576877,1.4956107473805678
2025-06-30,-0.2862172588676205,0.27303906815489254,-0.42080448153285377,0.3141476279310763,0.31499252238320646,0.5461652212006946,-0.689730185847026,0.2178567559384691,-0.7758468547538817,-0.42231943320155463,1.392005750219667,0.5349034296596982
2025-07-31,-0.3261152068483056,-0.013822515028721186,-0.04913070087174283,0.5101549946319412,0.6972233216642095,0.33869303040213466,-0.9192972813391991,0.6848648622883151,-1.0299427201803248,-0.6756279461659767,1.9113791850838227,0.33778687674474345
2025-08-31,-0.37219734879537336,0.11685336258061346,0.36881926308874347,0.7153277269926699,0.5838679618788063,0.16102068713195297,-0.7248735667116453,0.05446082652143347,-1.0502317267731247,-0.31010414025446614,2.059020027922738,0.15702947678692505
2025-09-30,-0.3094016612326758,0.47318337759434326,0.701416171048212,0.7639907888285031,0.36472637359235077,0.031830686666468516,-0.8180965270351301,-0.02104374844534246,-0.773218840967288,0.4023622797824167,1.8297857908719921,-0.3965304560667009
2025-10-31,-0.37030744707405916,0.04739904274241944,1.0280664654461287,0.8669170819723732,0.03026600696894831,-0.5343073068173985,-0.1320775843360619,0.3982617136018261,-0.5765605957493298,0.8989933402675375,1.8385109791895884,-0.3443637247081708
2025-11-30,-0.2880774049518996,0.516655414558527,1.2440575947176213,0.8366802781921037,-0.6456052701262982,-0.2287509532308517,-0.5040646170167206,0.20942154328481782,-0.6701033995568322,-0.21258561701012146,1.7498204059103866,-0.30112944494939475
2025-12-31,-0.0944141452614355,0.7917563834359704,0.222494404696599,0.06253733221884576,-0.561827556743728,-0.08929252151475509,-0.45601303765154483,0.3870579247503717,-0.7184655067576413,-0.42846649749713234,1.3271171510704574,-0.35525112401603637
2026-01-31,-0.17816882992017438,-0.1072380412263149,0.0,0.0,-0.39185495945781146,-0.20583390796584144,-0.48106139888408606,0.3738230151019009,-0.7358576506865968,-0.44107130542503237,1.1327587899199718,-0.310487455303865
